{
  "HTTP请求" : {
    "transaction" : "HTTP请求",
    "sampleCount" : 1000,
    "errorCount" : 0,
    "errorPct" : 0.0,
    "meanResTime" : 12.191000000000004,
    "medianResTime" : 3.0,
    "minResTime" : 0.0,
    "maxResTime" : 254.0,
    "pct1ResTime" : 28.0,
    "pct2ResTime" : 43.94999999999993,
    "pct3ResTime" : 222.95000000000095,
    "throughput" : 1008.0645161290322,
    "receivedKBytesPerSec" : 136.25015751008064,
    "sentKBytesPerSec" : 134.86800655241936
  },
  "Total" : {
    "transaction" : "Total",
    "sampleCount" : 1000,
    "errorCount" : 0,
    "errorPct" : 0.0,
    "meanResTime" : 12.191000000000004,
    "medianResTime" : 3.0,
    "minResTime" : 0.0,
    "maxResTime" : 254.0,
    "pct1ResTime" : 28.0,
    "pct2ResTime" : 43.94999999999993,
    "pct3ResTime" : 222.95000000000095,
    "throughput" : 1008.0645161290322,
    "receivedKBytesPerSec" : 136.25015751008064,
    "sentKBytesPerSec" : 134.86800655241936
  }
}