{
  "HTTP请求" : {
    "transaction" : "HTTP请求",
    "sampleCount" : 2000,
    "errorCount" : 0,
    "errorPct" : 0.0,
    "meanResTime" : 688.6349999999998,
    "medianResTime" : 586.5,
    "minResTime" : 7.0,
    "maxResTime" : 1841.0,
    "pct1ResTime" : 1310.0,
    "pct2ResTime" : 1721.8999999999996,
    "pct3ResTime" : 1798.0,
    "throughput" : 695.4102920723226,
    "receivedKBytesPerSec" : 114.43030684979138,
    "sentKBytesPerSec" : 169.09879172461754
  },
  "Total" : {
    "transaction" : "Total",
    "sampleCount" : 2000,
    "errorCount" : 0,
    "errorPct" : 0.0,
    "meanResTime" : 688.6349999999998,
    "medianResTime" : 586.5,
    "minResTime" : 7.0,
    "maxResTime" : 1841.0,
    "pct1ResTime" : 1310.0,
    "pct2ResTime" : 1721.8999999999996,
    "pct3ResTime" : 1798.0,
    "throughput" : 695.4102920723226,
    "receivedKBytesPerSec" : 114.43030684979138,
    "sentKBytesPerSec" : 169.09879172461754
  }
}