{
  "Total" : {
    "transaction" : "Total",
    "sampleCount" : 1000,
    "errorCount" : 0,
    "errorPct" : 0.0,
    "meanResTime" : 31.12899999999997,
    "medianResTime" : 3.0,
    "minResTime" : 1.0,
    "maxResTime" : 339.0,
    "pct1ResTime" : 123.89999999999998,
    "pct2ResTime" : 248.49999999999932,
    "pct3ResTime" : 328.97,
    "throughput" : 933.7068160597572,
    "receivedKBytesPerSec" : 206.98383520074697,
    "sentKBytesPerSec" : 120.36064425770309
  },
  "springcloud查询数据请求" : {
    "transaction" : "springcloud查询数据请求",
    "sampleCount" : 1000,
    "errorCount" : 0,
    "errorPct" : 0.0,
    "meanResTime" : 31.12899999999997,
    "medianResTime" : 3.0,
    "minResTime" : 1.0,
    "maxResTime" : 339.0,
    "pct1ResTime" : 123.89999999999998,
    "pct2ResTime" : 248.49999999999932,
    "pct3ResTime" : 328.97,
    "throughput" : 933.7068160597572,
    "receivedKBytesPerSec" : 206.98383520074697,
    "sentKBytesPerSec" : 120.36064425770309
  }
}