{
  "nest查询" : {
    "transaction" : "nest查询",
    "sampleCount" : 1000,
    "errorCount" : 0,
    "errorPct" : 0.0,
    "meanResTime" : 790.4239999999995,
    "medianResTime" : 769.0,
    "minResTime" : 103.0,
    "maxResTime" : 1240.0,
    "pct1ResTime" : 993.0,
    "pct2ResTime" : 1188.9499999999998,
    "pct3ResTime" : 1233.0,
    "throughput" : 634.9206349206349,
    "receivedKBytesPerSec" : 218.87400793650795,
    "sentKBytesPerSec" : 84.9454365079365
  },
  "Total" : {
    "transaction" : "Total",
    "sampleCount" : 1000,
    "errorCount" : 0,
    "errorPct" : 0.0,
    "meanResTime" : 790.4239999999995,
    "medianResTime" : 769.0,
    "minResTime" : 103.0,
    "maxResTime" : 1240.0,
    "pct1ResTime" : 993.0,
    "pct2ResTime" : 1188.9499999999998,
    "pct3ResTime" : 1233.0,
    "throughput" : 634.9206349206349,
    "receivedKBytesPerSec" : 218.87400793650795,
    "sentKBytesPerSec" : 84.9454365079365
  }
}